0.000000,0.364427,0.954753,0.042495,0.461720
1.000000,0.974814,0.640958,0.684059,0.035841
2.000000,0.168616,0.955945,0.028787,0.677487
3.000000,0.553149,0.018506,0.979590,0.655427
5.000000,0.962696,0.766590,0.510761,0.044459
6.000000,0.463343,0.033986,0.958693,0.695390
7.000000,0.038063,0.476656,0.253079,0.943803
8.000000,0.588032,0.049184,0.950669,0.576633
9.000000,0.014078,0.488546,0.182803,0.975761
10.000000,0.025680,0.292567,0.383343,0.965715
11.000000,0.043183,0.418122,0.308299,0.940273
12.000000,0.066686,0.106927,0.744712,0.938864
13.000000,0.983494,0.561523,0.776662,0.026672
14.000000,0.408343,0.791191,0.196682,0.510965
15.000000,0.476246,0.925507,0.080051,0.391038
16.000000,0.630480,0.050208,0.952693,0.537346
17.000000,0.443227,0.031680,0.960246,0.713206
18.000000,0.127355,0.892663,0.061701,0.773415
19.000000,0.023528,0.495644,0.208365,0.962148
20.000000,0.329497,0.032801,0.951440,0.789506
21.000000,0.496345,0.022484,0.973365,0.689831
22.000000,0.217741,0.909609,0.064786,0.652005
23.000000,0.119855,0.086473,0.821864,0.902129
24.000000,0.221462,0.974592,0.019074,0.581757
25.000000,0.027329,0.402546,0.285268,0.960109
26.000000,0.970699,0.488468,0.788146,0.046233
27.000000,0.038969,0.229071,0.499184,0.954061
28.000000,0.742603,0.118213,0.909215,0.377532
29.000000,0.077851,0.297634,0.480914,0.910786
30.000000,0.050795,0.209029,0.552149,0.943599
31.000000,0.373916,0.077521,0.898347,0.723835
32.000000,0.339869,0.890785,0.095704,0.534495
33.000000,0.052954,0.416546,0.326475,0.929030
34.000000,0.623700,0.979505,0.029002,0.223623
35.000000,0.158902,0.933830,0.041752,0.709612
36.000000,0.018637,0.385234,0.270658,0.971690
37.000000,0.031912,0.544197,0.196690,0.948973
38.000000,0.992213,0.537536,0.834057,0.014255
39.000000,0.459543,0.040847,0.950569,0.689732
40.000000,0.559192,0.053654,0.944182,0.596803
41.000000,0.035919,0.385895,0.320929,0.950295
42.000000,0.364380,0.973915,0.025082,0.432354
43.000000,0.070673,0.343632,0.421581,0.914496
44.000000,0.045146,0.408529,0.320079,0.938444
45.000000,0.215499,0.958615,0.030150,0.614310
46.000000,0.408121,0.916262,0.081612,0.455993
47.000000,0.045735,0.334731,0.390357,0.941506
48.000000,0.937323,0.578129,0.663779,0.082251
49.000000,0.359853,0.041619,0.942009,0.760196
50.000000,0.699185,0.053518,0.954801,0.466912
51.000000,0.964347,0.640697,0.655564,0.048288
52.000000,0.915713,0.882650,0.256852,0.076560
53.000000,0.496731,0.945376,0.061308,0.358193
54.000000,0.537135,0.073950,0.921918,0.598206
55.000000,0.973571,0.250447,0.913371,0.052162
56.000000,0.036340,0.197516,0.537512,0.958339
57.000000,0.929962,0.614454,0.620766,0.087826
58.000000,0.026577,0.211132,0.488291,0.967651
59.000000,0.494341,0.040587,0.953179,0.663562
60.000000,0.966402,0.569802,0.721110,0.048687
61.000000,0.295133,0.925336,0.061770,0.557311
62.000000,0.052772,0.392478,0.347508,0.930596
63.000000,0.102072,0.599934,0.235802,0.858351
64.000000,0.029593,0.633773,0.143077,0.948492
65.000000,0.066014,0.427756,0.335575,0.913650
66.000000,0.064863,0.392347,0.365865,0.917276
67.000000,0.341653,0.977599,0.020931,0.445604
68.000000,0.549539,0.041915,0.955285,0.617775
69.000000,0.016423,0.419446,0.236140,0.973859
70.000000,0.255470,0.852580,0.112582,0.636886
71.000000,0.899063,0.746244,0.440957,0.106987
72.000000,0.946472,0.703233,0.554221,0.064667
73.000000,0.022167,0.408024,0.265407,0.966507
74.000000,0.313517,0.838088,0.135291,0.583458
75.000000,0.028965,0.483600,0.229467,0.955227
76.000000,0.267054,0.976675,0.019188,0.524225
77.000000,0.260712,0.911703,0.068596,0.602825
78.000000,0.143057,0.327506,0.509506,0.845907
79.000000,0.115434,0.282366,0.538038,0.876637
80.000000,0.087588,0.262669,0.533951,0.904481
81.000000,0.990256,0.769467,0.628273,0.013925
82.000000,0.976822,0.580242,0.740336,0.035139
83.000000,0.672023,0.089129,0.922782,0.465666
84.000000,0.048046,0.350386,0.379075,0.938151
85.000000,0.092148,0.334627,0.456814,0.893571
86.000000,0.025173,0.235509,0.449810,0.968241
87.000000,0.014411,0.179397,0.479992,0.981696
88.000000,0.023181,0.360037,0.308432,0.966593
89.000000,0.621699,0.161401,0.852516,0.478194
90.000000,0.602633,0.053188,0.947935,0.559514
91.000000,0.586018,0.127240,0.877147,0.525003
92.000000,0.199170,0.944269,0.038855,0.649513
93.000000,0.116853,0.513836,0.312911,0.851056
94.000000,0.023325,0.544193,0.178874,0.960931
95.000000,0.025589,0.167048,0.553479,0.970466
96.000000,0.442583,0.060157,0.927059,0.684238
97.000000,0.472294,0.928835,0.076246,0.391864
98.000000,0.969072,0.790309,0.495487,0.036802
99.000000,0.042592,0.492890,0.249391,0.937373
100.000000,0.346308,0.038660,0.944779,0.772278
101.000000,0.017154,0.395369,0.256816,0.973406
102.000000,0.492906,0.970857,0.033578,0.330372
103.000000,0.048458,0.287149,0.447366,0.941160
104.000000,0.181240,0.939866,0.040178,0.675850
105.000000,0.710173,0.031620,0.973252,0.484046
106.000000,0.984161,0.535057,0.796354,0.026308
107.000000,0.874869,0.104571,0.940307,0.224594
108.000000,0.046798,0.430825,0.304233,0.935385
109.000000,0.986295,0.269571,0.924381,0.029271
110.000000,0.956999,0.738866,0.532893,0.051751
111.000000,0.644986,0.943192,0.078162,0.249025
112.000000,0.390398,0.978566,0.021622,0.398845
113.000000,0.440892,0.956876,0.045330,0.391664
114.000000,0.630297,0.959736,0.055403,0.245255
115.000000,0.478340,0.046906,0.945095,0.668902
116.000000,0.491742,0.967719,0.036946,0.336158
117.000000,0.975647,0.593375,0.726628,0.036263
118.000000,0.033121,0.160090,0.588974,0.963466
119.000000,0.084877,0.351116,0.431482,0.899411
120.000000,0.621882,0.951975,0.064585,0.258372
122.000000,0.276346,0.954275,0.037260,0.550192
123.000000,0.176023,0.681486,0.216438,0.765000
124.000000,0.041723,0.258042,0.468089,0.949734
125.000000,0.948349,0.718417,0.540118,0.061819
126.000000,0.054760,0.479884,0.277614,0.923272
127.000000,0.964820,0.668126,0.630113,0.046601
128.000000,0.957771,0.643707,0.638115,0.055670
129.000000,0.009053,0.387137,0.220222,0.984766
130.000000,0.948631,0.565865,0.690948,0.070131
131.000000,0.807698,0.035011,0.975612,0.365105
132.000000,0.994424,0.467045,0.881469,0.011329
133.000000,0.061645,0.465407,0.298338,0.916115
135.000000,0.336820,0.937233,0.055800,0.505977
136.000000,0.551917,0.968565,0.039194,0.289950
138.000000,0.049339,0.479696,0.269827,0.929773
139.000000,0.157034,0.050143,0.900299,0.888061
140.000000,0.632928,0.057021,0.946748,0.528095
141.000000,0.465825,0.966594,0.036810,0.358250
142.000000,0.632226,0.050294,0.952737,0.535633
143.000000,0.042228,0.488984,0.251584,0.938017
144.000000,0.556117,0.031053,0.966712,0.627600
145.000000,0.367477,0.051578,0.929873,0.746165
146.000000,0.975665,0.648897,0.679647,0.034558
147.000000,0.459464,0.070513,0.917191,0.663458
148.000000,0.779212,0.076837,0.944411,0.359978
149.000000,0.317139,0.034069,0.948690,0.796210
150.000000,0.486070,0.929668,0.076805,0.379891
151.000000,0.349216,0.037782,0.946196,0.771197
152.000000,0.198395,0.032133,0.939726,0.872289
153.000000,0.964893,0.633876,0.663199,0.047934
154.000000,0.975880,0.706428,0.623242,0.032519
155.000000,0.032467,0.463509,0.251314,0.951433
156.000000,0.279561,0.047813,0.925155,0.809224
157.000000,0.075126,0.279743,0.498219,0.914894
158.000000,0.164803,0.959696,0.026152,0.678455
159.000000,0.562015,0.941937,0.070990,0.310591
160.000000,0.081809,0.269862,0.518439,0.909293
161.000000,0.059734,0.574775,0.216243,0.911172
162.000000,0.046617,0.491813,0.256649,0.932440
163.000000,0.967213,0.617844,0.683233,0.045830
164.000000,0.123826,0.952171,0.027455,0.745269
165.000000,0.025087,0.246137,0.435792,0.967961
166.000000,0.029309,0.619152,0.150094,0.949539
167.000000,0.136837,0.229353,0.620054,0.864173
168.000000,0.956623,0.360264,0.841668,0.071516
169.000000,0.438373,0.102141,0.879398,0.661101
170.000000,0.370308,0.921100,0.073083,0.487018
171.000000,0.612715,0.056137,0.945967,0.547507
172.000000,0.545117,0.054265,0.942466,0.608031
173.000000,0.352185,0.967481,0.030399,0.455399
174.000000,0.048386,0.275696,0.460638,0.941885
175.000000,0.530684,0.063258,0.932103,0.611933
176.000000,0.588419,0.964861,0.045863,0.268772
177.000000,0.033844,0.488188,0.236750,0.948686
178.000000,0.610054,0.934613,0.084808,0.280319
179.000000,0.295413,0.973048,0.023167,0.501529
180.000000,0.895287,0.513266,0.674299,0.133251
181.000000,0.015051,0.307320,0.322948,0.978041
182.000000,0.292088,0.894454,0.086055,0.579874
184.000000,0.966140,0.440311,0.809187,0.054331
185.000000,0.028115,0.401123,0.288588,0.959178
186.000000,0.024748,0.274059,0.400824,0.967392
187.000000,0.940271,0.738668,0.501787,0.068649
189.000000,0.565282,0.045353,0.952849,0.600505
190.000000,0.966532,0.318518,0.875071,0.059599
191.000000,0.053886,0.310182,0.431478,0.934152
192.000000,0.518125,0.946525,0.061862,0.340254
193.000000,0.033567,0.307391,0.391092,0.956229
194.000000,0.981091,0.807611,0.515477,0.023553
196.000000,0.004790,0.278089,0.264190,0.992060
197.000000,0.598975,0.952819,0.061472,0.273934
198.000000,0.880642,0.072404,0.959356,0.231164
199.000000,0.947814,0.797824,0.435418,0.057256
200.000000,0.013693,0.437229,0.212438,0.977306
201.000000,0.808123,0.036155,0.974867,0.362947
202.000000,0.271631,0.967076,0.026936,0.537612
203.000000,0.257791,0.965786,0.027258,0.554957
204.000000,0.578014,0.038598,0.960296,0.598103
205.000000,0.034439,0.424570,0.285221,0.950499
207.000000,0.030729,0.202850,0.513888,0.963708
208.000000,0.028856,0.421061,0.274635,0.957566
209.000000,0.462095,0.959832,0.043642,0.370503
210.000000,0.092527,0.481800,0.318950,0.880343
211.000000,0.633186,0.016655,0.983605,0.593132
212.000000,0.952167,0.898567,0.269122,0.045243
213.000000,0.987720,0.404423,0.876669,0.023544
214.000000,0.333680,0.950157,0.044488,0.496298
216.000000,0.691894,0.009540,0.991241,0.566215
217.000000,0.344542,0.917618,0.073367,0.513798
218.000000,0.536177,0.040517,0.955891,0.630464
219.000000,0.523742,0.019225,0.977927,0.676461
220.000000,0.020285,0.393051,0.270646,0.969350
222.000000,0.781746,0.029805,0.977907,0.406021
223.000000,0.954939,0.861323,0.345895,0.046103
224.000000,0.583557,0.044695,0.954690,0.585625
225.000000,0.679225,0.896640,0.142844,0.249498
226.000000,0.116289,0.486772,0.335127,0.854487
227.000000,0.725483,0.088268,0.929775,0.411912
228.000000,0.231561,0.448285,0.441083,0.747211
229.000000,0.032744,0.257315,0.446340,0.959221
230.000000,0.052180,0.259070,0.488043,0.939016
231.000000,0.679666,0.063351,0.945124,0.477316
233.000000,0.262058,0.936845,0.049639,0.583133
234.000000,0.057260,0.657936,0.162329,0.908333
235.000000,0.035870,0.127473,0.655601,0.962892
236.000000,0.941309,0.544852,0.697352,0.079833
237.000000,0.339271,0.919596,0.071104,0.517496
238.000000,0.037229,0.276210,0.435475,0.953577
239.000000,0.049073,0.267907,0.471332,0.941630
240.000000,0.017898,0.483752,0.199304,0.970335
241.000000,0.701384,0.064790,0.945843,0.454132
242.000000,0.065878,0.208885,0.576962,0.929430
243.000000,0.058126,0.702981,0.137836,0.903468
244.000000,0.070522,0.435763,0.334358,0.908107
245.000000,0.104311,0.468609,0.340776,0.868913
246.000000,0.565225,0.034928,0.963242,0.614082
247.000000,0.072648,0.186177,0.619027,0.925304
248.000000,0.457296,0.041887,0.949221,0.690242
249.000000,0.283361,0.942551,0.047005,0.555133
250.000000,0.495175,0.948300,0.058066,0.356649
251.000000,0.895389,0.541442,0.650233,0.130444
252.000000,0.976263,0.591650,0.729864,0.035526
253.000000,0.742588,0.044236,0.965112,0.430898
254.000000,0.043385,0.463588,0.272366,0.937827
255.000000,0.073411,0.973423,0.012621,0.809756
256.000000,0.311872,0.913116,0.073486,0.548828
257.000000,0.967552,0.445349,0.808642,0.052189
258.000000,0.543124,0.047240,0.949442,0.616914
259.000000,0.391019,0.910638,0.084825,0.475070
260.000000,0.922689,0.840764,0.333974,0.076016
261.000000,0.039382,0.243606,0.480950,0.952893
262.000000,0.314877,0.970393,0.026189,0.486661
263.000000,0.729316,0.122705,0.903678,0.389466
265.000000,0.933712,0.661085,0.579612,0.080629
266.000000,0.968763,0.749498,0.549530,0.038878
267.000000,0.745322,0.926451,0.116006,0.188502
268.000000,0.043828,0.368555,0.353473,0.941931
269.000000,0.645032,0.974674,0.036591,0.217668
270.000000,0.411145,0.064579,0.918599,0.704548
271.000000,0.566630,0.953775,0.057620,0.296547
272.000000,0.015125,0.615336,0.123070,0.971380
273.000000,0.053594,0.662786,0.156163,0.912909
274.000000,0.390425,0.940663,0.057238,0.452694
275.000000,0.627425,0.937667,0.083109,0.265531
276.000000,0.125904,0.922633,0.044324,0.762042
277.000000,0.030718,0.298495,0.392761,0.959779
278.000000,0.062502,0.119715,0.715810,0.940759
279.000000,0.384599,0.039166,0.947182,0.745560
280.000000,0.056537,0.187364,0.594056,0.939773
281.000000,0.348785,0.928607,0.064318,0.501654
282.000000,0.044863,0.301786,0.423612,0.944156
283.000000,0.064292,0.288440,0.472854,0.924921
284.000000,0.199908,0.955232,0.031465,0.637563
285.000000,0.865277,0.983008,0.039087,0.078747
286.000000,0.400802,0.035403,0.953092,0.738467
287.000000,0.061655,0.306921,0.447846,0.926322
288.000000,0.051759,0.178674,0.599272,0.944831
289.000000,0.559718,0.026140,0.971897,0.633264
290.000000,0.350363,0.032701,0.953110,0.775899
291.000000,0.021858,0.619343,0.136600,0.960672
292.000000,0.048304,0.307481,0.424204,0.940190
293.000000,0.079455,0.569405,0.239474,0.887629
294.000000,0.467882,0.018232,0.977281,0.719676
295.000000,0.762540,0.043761,0.966747,0.408827
296.000000,0.016777,0.439464,0.223714,0.972931
297.000000,0.651378,0.053484,0.951287,0.514240
298.000000,0.259696,0.956585,0.034406,0.565562
299.000000,0.049301,0.455545,0.288416,0.931127
300.000000,0.763438,0.063399,0.952465,0.388230
301.000000,0.055629,0.226536,0.536424,0.937760
302.000000,0.959222,0.664612,0.620606,0.053053
303.000000,0.085916,0.106615,0.763722,0.923748
304.000000,0.064571,0.243676,0.528068,0.927912
305.000000,0.657369,0.018932,0.982153,0.564155
306.000000,0.978277,0.634406,0.701513,0.031750
307.000000,0.357025,0.986339,0.013363,0.405618
308.000000,0.008184,0.108013,0.568760,0.990064
309.000000,0.969625,0.740523,0.563255,0.038314
310.000000,0.485168,0.977764,0.025677,0.323546
311.000000,0.023415,0.213949,0.472513,0.970900
312.000000,0.983747,0.548278,0.786385,0.026608
313.000000,0.009792,0.228736,0.374421,0.986045
314.000000,0.876151,0.129230,0.926375,0.214288
315.000000,0.394988,0.014525,0.979654,0.777182
316.000000,0.335692,0.958623,0.037325,0.484177
317.000000,0.980796,0.565259,0.764213,0.030278
318.000000,0.864407,0.767219,0.385207,0.135224
319.000000,0.055371,0.413131,0.333228,0.926484
320.000000,0.009452,0.512771,0.149787,0.982445
321.000000,0.970922,0.360919,0.860378,0.050979
322.000000,0.954971,0.405556,0.813547,0.071112
323.000000,0.552361,0.020232,0.977753,0.651758
324.000000,0.065438,0.141756,0.680461,0.935957
325.000000,0.177007,0.946295,0.035626,0.675845
326.000000,0.398812,0.974512,0.025833,0.400390
327.000000,0.928647,0.666529,0.566897,0.085463
328.000000,0.598925,0.051949,0.948824,0.564092
329.000000,0.595308,0.918035,0.102653,0.301830
330.000000,0.967112,0.798834,0.477270,0.038400
331.000000,0.015104,0.483328,0.189751,0.974362
332.000000,0.026067,0.587922,0.160722,0.955494
333.000000,0.075638,0.600038,0.214924,0.889607
334.000000,0.512068,0.946730,0.061131,0.344801
335.000000,0.217878,0.983219,0.012711,0.564583
336.000000,0.934582,0.403775,0.791993,0.097484
337.000000,0.370256,0.968810,0.030025,0.436394
338.000000,0.398393,0.038107,0.949544,0.737069
339.000000,0.036438,0.185771,0.555716,0.958870
340.000000,0.937862,0.878221,0.288446,0.059166
341.000000,0.979223,0.554246,0.766646,0.032686
342.000000,0.576543,0.938389,0.076576,0.302462
343.000000,0.054562,0.533356,0.238251,0.920293
344.000000,0.968856,0.475815,0.792390,0.049190
345.000000,0.550297,0.939552,0.072567,0.321420
346.000000,0.908239,0.703854,0.501108,0.102571
347.000000,0.595490,0.933922,0.083935,0.291572
348.000000,0.070081,0.589249,0.217111,0.897288
349.000000,0.095792,0.318209,0.478439,0.891504
350.000000,0.820571,0.070740,0.953107,0.313969
351.000000,0.544920,0.943501,0.067589,0.322263
352.000000,0.500790,0.058020,0.934864,0.640720
353.000000,0.571044,0.088681,0.911301,0.559140
354.000000,0.045564,0.502255,0.247487,0.933197
355.000000,0.540644,0.068071,0.928175,0.599730
356.000000,0.987779,0.299963,0.917046,0.025749
357.000000,0.044942,0.355331,0.368289,0.941334
358.000000,0.692543,0.950046,0.074512,0.211050
360.000000,0.020531,0.259754,0.400953,0.972644
361.000000,0.029980,0.244182,0.454698,0.962727
362.000000,0.197751,0.974750,0.018018,0.611331
363.000000,0.410266,0.957659,0.042651,0.416878
364.000000,0.959093,0.759237,0.511769,0.048523
365.000000,0.113003,0.941294,0.032351,0.770061
367.000000,0.016692,0.419787,0.236982,0.973484
368.000000,0.936711,0.786971,0.432667,0.068500
369.000000,0.022015,0.174861,0.526516,0.973774
370.000000,0.594917,0.918938,0.101543,0.301596
371.000000,0.043606,0.592247,0.185924,0.930911
372.000000,0.016164,0.238860,0.405367,0.978240
373.000000,0.049713,0.458440,0.286783,0.930482
374.000000,0.087714,0.309479,0.479324,0.900140
376.000000,0.558353,0.931017,0.083082,0.321673
377.000000,0.013017,0.206934,0.428855,0.982618
378.000000,0.972973,0.436286,0.824143,0.045001
379.000000,0.273165,0.970335,0.024436,0.530359
380.000000,0.012827,0.227235,0.399842,0.982412
381.000000,0.600700,0.060277,0.941153,0.554416
382.000000,0.970288,0.812724,0.465611,0.034556
383.000000,0.059316,0.131741,0.689755,0.942165
384.000000,0.259766,0.019438,0.966625,0.848901
385.000000,0.096991,0.341141,0.455004,0.888212
386.000000,0.291120,0.930149,0.057529,0.557760
387.000000,0.046532,0.288173,0.442373,0.943117
388.000000,0.594808,0.956701,0.056363,0.273193
389.000000,0.076826,0.212369,0.586699,0.919087
390.000000,0.033904,0.314815,0.384126,0.955547
391.000000,0.933292,0.656154,0.584113,0.081406
392.000000,0.024882,0.467050,0.230664,0.961195
393.000000,0.071336,0.152863,0.669290,0.929774
394.000000,0.172107,0.951651,0.031784,0.677248
395.000000,0.138299,0.919199,0.048036,0.746475
396.000000,0.465006,0.018737,0.976587,0.720526
397.000000,0.968875,0.555038,0.738066,0.046158
398.000000,0.288502,0.963113,0.030945,0.525653
399.000000,0.627076,0.021264,0.979098,0.586068
400.000000,0.781370,0.901341,0.160913,0.172766
401.000000,0.039617,0.193549,0.551560,0.955343
402.000000,0.966788,0.734455,0.562393,0.041633
403.000000,0.026197,0.310267,0.366262,0.964527
404.000000,0.511099,0.943471,0.064582,0.348530
405.000000,0.021810,0.162944,0.545830,0.974429
406.000000,0.964964,0.586443,0.704546,0.049784
407.000000,0.375938,0.943925,0.053093,0.462786
408.000000,0.958830,0.807821,0.442771,0.046083
409.000000,0.664690,0.029496,0.973033,0.533693
410.000000,0.965802,0.830199,0.424490,0.038093
411.000000,0.678332,0.140122,0.881209,0.433186
412.000000,0.746680,0.028690,0.977179,0.449374
413.000000,0.423450,0.964040,0.037188,0.396970
414.000000,0.021472,0.319742,0.339812,0.969834
415.000000,0.711353,0.914952,0.125381,0.217924
416.000000,0.946002,0.539111,0.708653,0.074716
417.000000,0.025464,0.603273,0.151554,0.955813
418.000000,0.912071,0.890441,0.239902,0.078275
419.000000,0.018230,0.264193,0.385234,0.975191
420.000000,0.035182,0.278060,0.428090,0.955697
421.000000,0.954488,0.659809,0.615621,0.058529
422.000000,0.033399,0.330546,0.366681,0.955482
423.000000,0.039168,0.569991,0.193105,0.938020
424.000000,0.986142,0.523776,0.810936,0.023675
425.000000,0.358292,0.019322,0.971813,0.789922
426.000000,0.066843,0.440389,0.325774,0.911873
427.000000,0.009281,0.523151,0.143972,0.982571
428.000000,0.019422,0.290346,0.361529,0.973096
429.000000,0.497938,0.950908,0.055493,0.351856
430.000000,0.904842,0.118273,0.939127,0.177304
431.000000,0.355804,0.975506,0.023308,0.436980
432.000000,0.036779,0.374279,0.333255,0.949772
433.000000,0.549857,0.049426,0.947707,0.608970
434.000000,0.025162,0.195425,0.506365,0.969742
435.000000,0.072550,0.407350,0.362134,0.907924
436.000000,0.468597,0.982765,0.019675,0.324296
437.000000,0.789761,0.975673,0.045362,0.128101
438.000000,0.943815,0.601930,0.652110,0.073542
439.000000,0.341612,0.948878,0.046148,0.489999
440.000000,0.008965,0.420951,0.197471,0.984452
441.000000,0.528564,0.926319,0.084945,0.348164
442.000000,0.352038,0.964472,0.033080,0.460280
444.000000,0.605554,0.928744,0.091334,0.287560
445.000000,0.084347,0.230962,0.570570,0.910472
446.000000,0.100392,0.153068,0.698241,0.905418
447.000000,0.352860,0.047173,0.934100,0.760035
448.000000,0.691677,0.911846,0.125756,0.233602
449.000000,0.672389,0.058757,0.948377,0.488688
450.000000,0.023790,0.345589,0.323581,0.966273
451.000000,0.033285,0.186075,0.546827,0.961946
452.000000,0.937957,0.779182,0.445349,0.067939
453.000000,0.047933,0.381832,0.348900,0.936617
454.000000,0.908362,0.728867,0.471855,0.100116
455.000000,0.976273,0.750076,0.574046,0.030663
456.000000,0.577122,0.976028,0.031422,0.260629
457.000000,0.717488,0.939340,0.092835,0.201034
459.000000,0.569377,0.029843,0.968550,0.618629
460.000000,0.033583,0.146424,0.614340,0.963801
461.000000,0.524522,0.027169,0.969350,0.659488
463.000000,0.699154,0.878117,0.170700,0.241718
464.000000,0.142310,0.208280,0.651163,0.862544
465.000000,0.570374,0.051924,0.946737,0.589020
466.000000,0.379541,0.050775,0.932089,0.738268
467.000000,0.082614,0.314987,0.467296,0.904670
469.000000,0.542613,0.023381,0.974107,0.652508
470.000000,0.746186,0.964321,0.059608,0.164801
471.000000,0.807180,0.093514,0.936400,0.316846
472.000000,0.009383,0.451193,0.181972,0.983417
474.000000,0.009325,0.299948,0.292620,0.985570
475.000000,0.365990,0.947209,0.049379,0.468676
476.000000,0.119064,0.461290,0.359456,0.854255
477.000000,0.036962,0.275181,0.436019,0.953910
478.000000,0.794489,0.080645,0.943506,0.339517
479.000000,0.143360,0.936926,0.038188,0.728690
480.000000,0.021506,0.371211,0.292909,0.968369
481.000000,0.039220,0.233119,0.494350,0.953596
482.000000,0.706295,0.065737,0.945520,0.448271
483.000000,0.961140,0.349674,0.852768,0.065775
484.000000,0.009538,0.429182,0.195973,0.983485
485.000000,0.020661,0.205850,0.472575,0.974135
486.000000,0.393534,0.988482,0.012005,0.365099
487.000000,0.212063,0.012515,0.975806,0.885895
488.000000,0.018286,0.226856,0.432070,0.976126
489.000000,0.088945,0.149752,0.693194,0.915312
490.000000,0.671521,0.058912,0.948176,0.489395
491.000000,0.077698,0.355160,0.418821,0.906400
492.000000,0.988437,0.610855,0.765449,0.018841
493.000000,0.920821,0.855045,0.308847,0.075971
494.000000,0.041036,0.146372,0.632161,0.956949
495.000000,0.037374,0.423994,0.292000,0.946945
496.000000,0.959292,0.872164,0.334401,0.041434
497.000000,0.705289,0.016905,0.985200,0.522575
498.000000,0.285618,0.958405,0.034564,0.535190
499.000000,0.341961,0.897115,0.090599,0.529016
500.000000,0.676594,0.030845,0.972382,0.519642
501.000000,0.016702,0.467465,0.205254,0.972410
502.000000,0.039530,0.307742,0.405463,0.949622
504.000000,0.544282,0.046165,0.950617,0.617146
505.000000,0.641591,0.059988,0.944806,0.517181
506.000000,0.952857,0.748117,0.512617,0.055475
507.000000,0.343630,0.915150,0.075384,0.516351
508.000000,0.027914,0.143127,0.603923,0.969317
509.000000,0.023392,0.340237,0.327188,0.966917
510.000000,0.657064,0.949736,0.070973,0.235609
511.000000,0.038502,0.181121,0.568128,0.957133
512.000000,0.671924,0.043806,0.961044,0.505272
513.000000,0.039778,0.545672,0.209173,0.938404
514.000000,0.057130,0.476924,0.283185,0.920649
515.000000,0.215297,0.907985,0.065608,0.655758
516.000000,0.611073,0.924222,0.097475,0.286282
517.000000,0.309160,0.064354,0.905994,0.778281
518.000000,0.243037,0.952898,0.036087,0.588649
519.000000,0.592322,0.050416,0.949797,0.571544
520.000000,0.055740,0.442567,0.308748,0.924331
521.000000,0.732161,0.058532,0.953409,0.427266
522.000000,0.970545,0.820963,0.453350,0.033919
523.000000,0.371857,0.081858,0.892763,0.722895
524.000000,0.983974,0.604279,0.748212,0.025090
525.000000,0.511438,0.968659,0.036926,0.319695
526.000000,0.697430,0.040565,0.965282,0.483832
527.000000,0.759191,0.046338,0.964629,0.409667
528.000000,0.504038,0.032290,0.962826,0.667089
529.000000,0.618081,0.036729,0.964276,0.565532
530.000000,0.304482,0.906419,0.078064,0.560458
531.000000,0.058449,0.411833,0.339014,0.923101
532.000000,0.636330,0.123606,0.888372,0.480800
533.000000,0.447495,0.951100,0.051573,0.392683
534.000000,0.380101,0.980390,0.019556,0.403357
535.000000,0.019000,0.396628,0.263108,0.970937
536.000000,0.700704,0.062449,0.947676,0.456863
537.000000,0.558813,0.959830,0.049915,0.295914
538.000000,0.920502,0.761116,0.445549,0.085789
540.000000,0.985615,0.748716,0.620167,0.019950
541.000000,0.782381,0.094224,0.932532,0.345694
542.000000,0.107596,0.955339,0.024278,0.767874
543.000000,0.294233,0.937021,0.052315,0.548820
544.000000,0.414639,0.935988,0.063694,0.435291
545.000000,0.307629,0.942457,0.049013,0.530120
546.000000,0.549378,0.065263,0.931814,0.594645
547.000000,0.954885,0.816896,0.420311,0.049285
548.000000,0.026076,0.625377,0.141514,0.954065
549.000000,0.653329,0.046102,0.957885,0.520514
550.000000,0.063195,0.270611,0.492311,0.927276
551.000000,0.957739,0.422911,0.806737,0.066472
552.000000,0.509945,0.066383,0.926902,0.626395
553.000000,0.094595,0.407398,0.386669,0.884677
554.000000,0.030902,0.300377,0.391251,0.959499
555.000000,0.042981,0.516676,0.233377,0.935704
556.000000,0.404705,0.017314,0.976305,0.764403
557.000000,0.034457,0.445049,0.269307,0.949653
558.000000,0.148642,0.407764,0.431307,0.830862
559.000000,0.656149,0.901958,0.131734,0.264386
561.000000,0.508326,0.911193,0.098654,0.374156
562.000000,0.423243,0.975612,0.025667,0.377344
563.000000,0.502762,0.051508,0.941974,0.645178
564.000000,0.111017,0.499625,0.320125,0.858746
565.000000,0.036659,0.158664,0.600618,0.960201
566.000000,0.069327,0.348094,0.415171,0.915570
567.000000,0.607049,0.943870,0.073198,0.275713
568.000000,0.431213,0.935502,0.065651,0.421280
569.000000,0.027406,0.169424,0.555784,0.968555
570.000000,0.032928,0.489999,0.233652,0.949800
571.000000,0.106823,0.536181,0.287243,0.859587
572.000000,0.613275,0.915531,0.108179,0.289680
573.000000,0.343453,0.987466,0.012047,0.413730
574.000000,0.030326,0.427424,0.273379,0.955494
575.000000,0.549795,0.083559,0.913767,0.580805
576.000000,0.015630,0.566224,0.147129,0.971751
578.000000,0.736785,0.016492,0.986335,0.489921
579.000000,0.986251,0.536258,0.803947,0.023275
580.000000,0.817174,0.051029,0.965631,0.334194
581.000000,0.855859,0.032538,0.979905,0.302006
582.000000,0.151877,0.600523,0.266328,0.803283
583.000000,0.523891,0.119327,0.874822,0.582700
584.000000,0.688540,0.951314,0.072293,0.212822
585.000000,0.027519,0.402303,0.285991,0.959880
586.000000,0.495789,0.916378,0.091675,0.381155
587.000000,0.960072,0.632299,0.653753,0.053584
588.000000,0.950636,0.609820,0.656180,0.065441
589.000000,0.458401,0.960608,0.042618,0.372527
590.000000,0.623672,0.972032,0.038915,0.235385
591.000000,0.941784,0.718892,0.528134,0.068471
592.000000,0.886117,0.568860,0.617603,0.137348
593.000000,0.111695,0.578335,0.258461,0.849767
594.000000,0.249074,0.956975,0.033446,0.576979
595.000000,0.169545,0.985455,0.009912,0.622239
596.000000,0.010481,0.593015,0.118238,0.979493
597.000000,0.811539,0.102465,0.931046,0.307052
598.000000,0.611445,0.949325,0.066917,0.268084
599.000000,0.972085,0.739241,0.572560,0.035676
600.000000,0.523552,0.966788,0.039682,0.313293
601.000000,0.695801,0.970761,0.045386,0.190292
602.000000,0.978058,0.697425,0.640969,0.030239
603.000000,0.708014,0.046343,0.961228,0.465636
604.000000,0.648480,0.973971,0.037748,0.216439
605.000000,0.410940,0.945766,0.054081,0.429524
606.000000,0.160639,0.935572,0.040858,0.706060
607.000000,0.263761,0.968247,0.025648,0.544323
608.000000,0.974572,0.574772,0.737823,0.038213
609.000000,0.021366,0.371027,0.292562,0.968551
610.000000,0.556276,0.954364,0.056114,0.303621
611.000000,0.536253,0.958641,0.049726,0.314000
612.000000,0.969818,0.710180,0.599262,0.039287
613.000000,0.029010,0.412768,0.281579,0.957661
614.000000,0.327599,0.041343,0.939486,0.782331
615.000000,0.471512,0.037636,0.955013,0.684581
616.000000,0.672804,0.914616,0.118785,0.246041
617.000000,0.702811,0.944323,0.083760,0.208010
618.000000,0.553456,0.918291,0.096783,0.333875
619.000000,0.037707,0.481955,0.248602,0.944017
620.000000,0.964923,0.413555,0.822879,0.057202
621.000000,0.946959,0.862880,0.329193,0.052965
622.000000,0.397952,0.050545,0.934129,0.725271
623.000000,0.017468,0.242752,0.407368,0.976633
624.000000,0.592764,0.050881,0.949386,0.570661
625.000000,0.472738,0.036476,0.956403,0.685124
626.000000,0.015587,0.198739,0.457156,0.979901
627.000000,0.033375,0.550217,0.195680,0.946736
628.000000,0.687756,0.046505,0.959773,0.486236
629.000000,0.086807,0.120060,0.740647,0.921048
630.000000,0.702719,0.058822,0.950776,0.458088
631.000000,0.482573,0.951433,0.053783,0.363568
632.000000,0.629202,0.933156,0.088934,0.267285
633.000000,0.050146,0.275476,0.464288,0.940088
634.000000,0.278111,0.980705,0.016318,0.502047
635.000000,0.654706,0.966959,0.047715,0.221132
636.000000,0.441726,0.974994,0.026996,0.363359
637.000000,0.934441,0.799958,0.410870,0.069538
640.000000,0.094688,0.257555,0.547979,0.898365
641.000000,0.975620,0.724153,0.602567,0.032248
642.000000,0.971978,0.663479,0.654267,0.038502
643.000000,0.209771,0.979952,0.014820,0.584048
644.000000,0.246547,0.324432,0.573346,0.754356
645.000000,0.958058,0.570999,0.703015,0.058773
646.000000,0.026458,0.177133,0.539797,0.969163
647.000000,0.073479,0.417682,0.353917,0.906171
648.000000,0.061348,0.667308,0.160507,0.902129
649.000000,0.935797,0.644745,0.599284,0.079552
650.000000,0.960537,0.760771,0.513155,0.046966
651.000000,0.977377,0.603660,0.723936,0.033751
652.000000,0.044608,0.347632,0.375163,0.942093
653.000000,0.940910,0.694479,0.554652,0.070955
654.000000,0.612025,0.944768,0.072608,0.271402
655.000000,0.036932,0.367833,0.339496,0.949868
656.000000,0.473779,0.980076,0.022756,0.327100
657.000000,0.778124,0.060149,0.956116,0.373979
658.000000,0.439340,0.028017,0.964421,0.721336
659.000000,0.016160,0.457774,0.209375,0.973391
660.000000,0.963225,0.867858,0.351230,0.038233
661.000000,0.030050,0.322202,0.365909,0.959646
662.000000,0.979421,0.701403,0.642279,0.028506
663.000000,0.160697,0.957050,0.027521,0.687113
664.000000,0.428448,0.976909,0.024547,0.370289
665.000000,0.018972,0.486296,0.201196,0.968751
666.000000,0.938148,0.821311,0.384421,0.064358
667.000000,0.015261,0.164101,0.510951,0.981186
668.000000,0.148993,0.381890,0.457097,0.833681
669.000000,0.031707,0.363461,0.330743,0.956170
670.000000,0.707830,0.028502,0.975691,0.492083
671.000000,0.274889,0.034863,0.943787,0.822574
672.000000,0.940633,0.507860,0.725544,0.082936
673.000000,0.549201,0.955861,0.053841,0.307342
675.000000,0.139966,0.945965,0.032503,0.726699
676.000000,0.051611,0.373332,0.363292,0.932964
677.000000,0.581223,0.039390,0.959704,0.594291
678.000000,0.510965,0.935848,0.072787,0.355037
679.000000,0.043087,0.186880,0.569574,0.952398
680.000000,0.965410,0.605558,0.689547,0.048472
681.000000,0.943227,0.629009,0.625973,0.072574
682.000000,0.627012,0.930108,0.092424,0.270848
683.000000,0.017553,0.443488,0.223904,0.971767
684.000000,0.640503,0.960865,0.054762,0.237131
685.000000,0.880171,0.856306,0.272505,0.108909
686.000000,0.944987,0.621678,0.635750,0.071081
687.000000,0.025806,0.266028,0.413981,0.966473
688.000000,0.572226,0.880381,0.141680,0.338806
689.000000,0.596772,0.944977,0.070813,0.282313
690.000000,0.290171,0.953252,0.038978,0.536735
691.000000,0.558409,0.933457,0.080320,0.319875
692.000000,0.469358,0.945863,0.058558,0.379875
693.000000,0.967472,0.604317,0.695515,0.046038
694.000000,0.308281,0.971722,0.024789,0.490861
695.000000,0.596118,0.105473,0.898769,0.527002
696.000000,0.485189,0.952431,0.052922,0.360419
697.000000,0.561935,0.957711,0.052629,0.295952
698.000000,0.193475,0.954513,0.031501,0.646480
699.000000,0.479962,0.017697,0.978292,0.712416
700.000000,0.016372,0.232740,0.414355,0.978151
701.000000,0.031998,0.270784,0.427919,0.959463
702.000000,0.279443,0.937921,0.050324,0.563512
703.000000,0.212947,0.938882,0.043768,0.637438
704.000000,0.386000,0.899071,0.094689,0.486645
705.000000,0.012701,0.384957,0.243893,0.979646
706.000000,0.113454,0.266427,0.555237,0.880229
707.000000,0.973922,0.603392,0.713470,0.038132
708.000000,0.685093,0.048495,0.957938,0.486626
709.000000,0.720434,0.014426,0.987617,0.514939
710.000000,0.374850,0.935294,0.060808,0.471695
711.000000,0.348158,0.959897,0.036930,0.470491
712.000000,0.544557,0.056030,0.940640,0.606813
713.000000,0.696979,0.966335,0.051905,0.194255
714.000000,0.962864,0.571998,0.711721,0.052938
715.000000,0.987717,0.425472,0.867419,0.023136
716.000000,0.028972,0.178094,0.546643,0.966604
717.000000,0.078597,0.345492,0.429841,0.906233
718.000000,0.576709,0.940775,0.073800,0.300492
720.000000,0.433712,0.087030,0.895554,0.672941
721.000000,0.301564,0.977652,0.019563,0.485152
722.000000,0.980654,0.611993,0.728819,0.029303
723.000000,0.028868,0.299296,0.386368,0.961840
724.000000,0.981260,0.571431,0.761501,0.029499
725.000000,0.011410,0.480114,0.176183,0.979904
726.000000,0.917488,0.728219,0.483035,0.091545
728.000000,0.584500,0.058770,0.941229,0.570124
729.000000,0.313321,0.909437,0.076674,0.549729
730.000000,0.241833,0.915333,0.063639,0.621223
731.000000,0.368902,0.964577,0.033843,0.444400
732.000000,0.911634,0.638790,0.574899,0.104962
733.000000,0.092186,0.311881,0.481597,0.895580
734.000000,0.966114,0.783788,0.496220,0.040128
735.000000,0.497784,0.054861,0.937978,0.645952
736.000000,0.725746,0.039595,0.967683,0.455322
737.000000,0.960723,0.581516,0.699594,0.055105
738.000000,0.068700,0.511330,0.271131,0.904806
739.000000,0.880081,0.045527,0.974169,0.250786
740.000000,0.067489,0.149398,0.670219,0.933425
741.000000,0.060962,0.350351,0.400831,0.924202
742.000000,0.029092,0.262735,0.428824,0.962957
743.000000,0.506668,0.984871,0.018347,0.290294
744.000000,0.176582,0.034570,0.932294,0.883902
745.000000,0.684817,0.917844,0.116687,0.235698
746.000000,0.642997,0.894204,0.138750,0.277781
747.000000,0.964336,0.779809,0.496985,0.042132
748.000000,0.019739,0.168881,0.526445,0.976336
749.000000,0.470551,0.924714,0.080247,0.396337
750.000000,0.028125,0.493422,0.220995,0.955995
751.000000,0.225272,0.949294,0.037437,0.613136
752.000000,0.051311,0.486019,0.268015,0.927042
753.000000,0.010856,0.593595,0.119347,0.978854
754.000000,0.796041,0.118601,0.917598,0.318008
755.000000,0.824582,0.074315,0.951248,0.306495
756.000000,0.051734,0.242952,0.507700,0.940474
757.000000,0.691998,0.938484,0.090323,0.219185
758.000000,0.081099,0.587177,0.228444,0.884140
759.000000,0.304395,0.094245,0.865538,0.766524
760.000000,0.034465,0.102358,0.703803,0.965898
761.000000,0.923895,0.825122,0.359710,0.076628
762.000000,0.476718,0.952800,0.051924,0.366837
763.000000,0.017475,0.332198,0.311203,0.974440
764.000000,0.009690,0.268323,0.327396,0.985554
765.000000,0.080200,0.399054,0.378997,0.900393
766.000000,0.637037,0.029727,0.971639,0.559444
767.000000,0.967826,0.509508,0.768235,0.049238
768.000000,0.037945,0.412136,0.302925,0.946769
769.000000,0.893849,0.760943,0.417438,0.110104
770.000000,0.231215,0.971104,0.022017,0.576700
771.000000,0.684718,0.057979,0.950017,0.477181
772.000000,0.391013,0.921313,0.075076,0.467858
773.000000,0.019134,0.585602,0.146986,0.965873
775.000000,0.567467,0.033872,0.964415,0.613776
776.000000,0.970403,0.672313,0.640922,0.040032
777.000000,0.065859,0.242671,0.531277,0.926754
778.000000,0.954154,0.406109,0.812174,0.072167
779.000000,0.490097,0.946324,0.059755,0.362610
780.000000,0.969776,0.237872,0.914552,0.059199
782.000000,0.334869,0.976614,0.021578,0.454384
783.000000,0.931055,0.880850,0.275479,0.064457
784.000000,0.029266,0.346172,0.340147,0.959691
785.000000,0.039922,0.246434,0.478587,0.952194
786.000000,0.450202,0.962100,0.040609,0.377286
787.000000,0.944731,0.684034,0.572436,0.067645
788.000000,0.522092,0.932869,0.077125,0.348534
789.000000,0.294706,0.031444,0.950643,0.813321
791.000000,0.044518,0.280458,0.447164,0.945645
792.000000,0.319068,0.077661,0.889841,0.763795
793.000000,0.038474,0.341058,0.368585,0.949271
794.000000,0.187549,0.970421,0.020500,0.632683
795.000000,0.678557,0.056822,0.950496,0.484442
796.000000,0.439783,0.033038,0.958432,0.713834
797.000000,0.233905,0.901243,0.072915,0.638306
798.000000,0.538723,0.921382,0.091530,0.343464
799.000000,0.463962,0.927933,0.076303,0.399481
800.000000,0.980209,0.559675,0.766105,0.031213
801.000000,0.014903,0.377671,0.260546,0.976791
802.000000,0.662017,0.944035,0.079042,0.236426
803.000000,0.531346,0.900632,0.113013,0.361566
804.000000,0.503207,0.912694,0.096429,0.377409
805.000000,0.455749,0.073183,0.913812,0.664491
806.000000,0.972310,0.241719,0.915527,0.054762
807.000000,0.075728,0.205613,0.594772,0.920711
808.000000,0.663954,0.117851,0.897532,0.457373
809.000000,0.170051,0.968923,0.020609,0.658768
810.000000,0.926744,0.855534,0.314587,0.070948
811.000000,0.026351,0.228648,0.463160,0.967220
812.000000,0.968639,0.804926,0.472578,0.036574
813.000000,0.051009,0.323513,0.412008,0.936415
814.000000,0.942168,0.546854,0.696923,0.078717
815.000000,0.380221,0.969543,0.029792,0.426093
816.000000,0.977444,0.812336,0.491821,0.027255
817.000000,0.333706,0.961751,0.034506,0.481846
818.000000,0.297062,0.945873,0.045412,0.537571
819.000000,0.245351,0.961581,0.029776,0.575207
820.000000,0.023493,0.065235,0.766998,0.977868
821.000000,0.062332,0.306561,0.449291,0.925654
822.000000,0.953446,0.616724,0.654942,0.061897
823.000000,0.085353,0.937465,0.030862,0.816487
824.000000,0.031814,0.336757,0.356313,0.957061
825.000000,0.373308,0.957169,0.040858,0.450540
826.000000,0.034216,0.253360,0.455344,0.957825
827.000000,0.192190,0.973741,0.018475,0.620584
828.000000,0.729950,0.953426,0.074223,0.183603
830.000000,0.583871,0.028137,0.970882,0.609420
831.000000,0.225087,0.902720,0.070646,0.647438
832.000000,0.564522,0.954123,0.057043,0.297757
833.000000,0.135291,0.292379,0.542781,0.857341
834.000000,0.078342,0.195707,0.612084,0.919312
835.000000,0.627743,0.053559,0.949467,0.536343
836.000000,0.067755,0.507958,0.272616,0.906150
837.000000,0.401917,0.887611,0.107312,0.478473
838.000000,0.549512,0.969972,0.037402,0.289658
839.000000,0.671983,0.042306,0.962330,0.507113
840.000000,0.235020,0.238671,0.663762,0.779993
841.000000,0.461184,0.030260,0.962888,0.702240
842.000000,0.907969,0.844145,0.313534,0.088030
843.000000,0.249835,0.017592,0.969057,0.857245
844.000000,0.053396,0.254213,0.496326,0.938106
845.000000,0.706888,0.078276,0.935550,0.437980
846.000000,0.026603,0.529235,0.195037,0.956816
847.000000,0.944380,0.844858,0.356197,0.056786
848.000000,0.027346,0.363061,0.318975,0.961404
849.000000,0.056683,0.626616,0.180259,0.911428
850.000000,0.096278,0.945972,0.027999,0.793385
852.000000,0.520016,0.949113,0.059175,0.336339
853.000000,0.104060,0.622947,0.220872,0.853561
854.000000,0.978522,0.736945,0.598956,0.028538
855.000000,0.957634,0.563085,0.708618,0.059655
856.000000,0.911137,0.821685,0.350849,0.088054
857.000000,0.975418,0.810914,0.486057,0.029411
858.000000,0.490667,0.883708,0.124441,0.403590
859.000000,0.467322,0.062522,0.926853,0.663336
860.000000,0.554605,0.081222,0.916607,0.578265
861.000000,0.474220,0.966318,0.037539,0.351962
862.000000,0.368186,0.070298,0.906445,0.732411
863.000000,0.032263,0.160078,0.586612,0.964286
864.000000,0.048351,0.273728,0.462913,0.942035
865.000000,0.813240,0.038800,0.973406,0.352785
867.000000,0.031305,0.630756,0.147225,0.946116
868.000000,0.274455,0.042803,0.931888,0.816269
869.000000,0.340814,0.047622,0.932306,0.767978
870.000000,0.952828,0.722285,0.544159,0.056973
871.000000,0.980384,0.680545,0.667378,0.027902
872.000000,0.039822,0.395411,0.321080,0.945285
873.000000,0.887512,0.825848,0.323498,0.107519
874.000000,0.012375,0.259638,0.357194,0.982321
875.000000,0.074284,0.183531,0.625021,0.924108
876.000000,0.030625,0.113764,0.669965,0.968475
877.000000,0.269693,0.985862,0.011932,0.494741
878.000000,0.516248,0.947025,0.061158,0.341254
879.000000,0.530726,0.038920,0.957223,0.636900
881.000000,0.959361,0.886073,0.307277,0.040304
882.000000,0.056969,0.162605,0.633616,0.941383
883.000000,0.980844,0.531554,0.786995,0.031056
884.000000,0.440944,0.048860,0.939918,0.695287
885.000000,0.365180,0.025547,0.963674,0.775390
886.000000,0.950142,0.717928,0.544045,0.060000
887.000000,0.899274,0.753218,0.432430,0.106057
888.000000,0.933129,0.626144,0.613820,0.083639
889.000000,0.978960,0.621613,0.714773,0.031234
890.000000,0.936079,0.746787,0.485086,0.072173
891.000000,0.565024,0.023267,0.975041,0.634700
892.000000,0.061002,0.402783,0.350832,0.920826
893.000000,0.901476,0.752339,0.435726,0.104147
894.000000,0.681764,0.144665,0.878051,0.427929
895.000000,0.946987,0.620145,0.640466,0.068958
896.000000,0.224389,0.924263,0.055204,0.635098
897.000000,0.852981,0.708734,0.447248,0.153094
898.000000,0.021290,0.555744,0.167639,0.963520
899.000000,0.016417,0.693553,0.094068,0.967072
901.000000,0.642083,0.933134,0.090611,0.257957
902.000000,0.049139,0.293403,0.441518,0.940097
903.000000,0.089463,0.662463,0.184552,0.866691
904.000000,0.939915,0.691803,0.556029,0.072153
905.000000,0.975016,0.483996,0.800644,0.040499
906.000000,0.006801,0.473840,0.153454,0.987195
907.000000,0.986495,0.430799,0.860888,0.024985
908.000000,0.281426,0.045800,0.928309,0.809439
909.000000,0.085030,0.154367,0.682008,0.918008
910.000000,0.261785,0.923269,0.059939,0.593999
911.000000,0.018725,0.562715,0.157495,0.967123
912.000000,0.591674,0.025784,0.973513,0.607223
913.000000,0.774105,0.962067,0.066473,0.148981
914.000000,0.585056,0.921471,0.097268,0.307562
915.000000,0.013316,0.426062,0.218047,0.978050
917.000000,0.318980,0.970596,0.026191,0.482187
918.000000,0.431793,0.032089,0.959104,0.720824
919.000000,0.014349,0.265378,0.363204,0.979792
920.000000,0.489751,0.045941,0.947004,0.661085
921.000000,0.805879,0.053541,0.963045,0.346202
922.000000,0.922399,0.726708,0.490897,0.086971
923.000000,0.275012,0.986704,0.011360,0.485676
924.000000,0.028724,0.288447,0.397832,0.962400
925.000000,0.342072,0.985065,0.014213,0.424045
926.000000,0.699099,0.094387,0.921727,0.435434
927.000000,0.663063,0.882769,0.156668,0.267323
928.000000,0.024810,0.580271,0.162307,0.957594
929.000000,0.390048,0.121050,0.849648,0.690245
930.000000,0.969355,0.596420,0.706783,0.044036
931.000000,0.639823,0.891317,0.141619,0.281458
932.000000,0.074117,0.417038,0.355272,0.905527
933.000000,0.314874,0.053381,0.921658,0.781428
934.000000,0.602188,0.961303,0.051236,0.263171
935.000000,0.993860,0.702305,0.735978,0.010037
936.000000,0.027458,0.395737,0.291192,0.960175
937.000000,0.046114,0.183885,0.580503,0.949722
938.000000,0.283228,0.897314,0.082583,0.587433
939.000000,0.536965,0.965450,0.041975,0.305136
940.000000,0.883902,0.067492,0.962492,0.229130
941.000000,0.927332,0.734072,0.488407,0.081616
942.000000,0.271505,0.105896,0.842919,0.786010
944.000000,0.051775,0.331370,0.405148,0.935149
945.000000,0.280015,0.060594,0.906881,0.800720
946.000000,0.020408,0.257922,0.402610,0.972838
947.000000,0.024229,0.519527,0.195413,0.960436
948.000000,0.612634,0.062759,0.939869,0.541448
949.000000,0.043640,0.406188,0.319293,0.940313
950.000000,0.077307,0.277802,0.503335,0.912938
951.000000,0.354661,0.054888,0.924270,0.752642
952.000000,0.985278,0.797648,0.553388,0.019220
953.000000,0.026955,0.724319,0.097640,0.948309
954.000000,0.043998,0.247516,0.486390,0.947964
955.000000,0.884660,0.835798,0.306691,0.108458
956.000000,0.256658,0.037490,0.937898,0.831912
957.000000,0.073756,0.328196,0.441894,0.912482
958.000000,0.110323,0.433930,0.376784,0.866013
959.000000,0.010867,0.334462,0.273093,0.982987
960.000000,0.021710,0.173520,0.527448,0.974136
961.000000,0.491353,0.961959,0.043163,0.344426
962.000000,0.330804,0.040161,0.941400,0.781259
963.000000,0.354013,0.941990,0.053095,0.485116
964.000000,0.028519,0.313327,0.370462,0.961733
965.000000,0.052731,0.238932,0.514772,0.939748
966.000000,0.038096,0.442523,0.278768,0.945264
967.000000,0.048841,0.171350,0.605570,0.948053
968.000000,0.456352,0.072522,0.914614,0.664476
969.000000,0.008814,0.219167,0.377718,0.987402
970.000000,0.052260,0.661028,0.155879,0.914855
971.000000,0.973087,0.292266,0.895329,0.050796
972.000000,0.618044,0.942571,0.075958,0.268755
973.000000,0.469570,0.953135,0.051066,0.372268
974.000000,0.703420,0.031253,0.973244,0.491736
975.000000,0.382771,0.037652,0.948971,0.748443
976.000000,0.977864,0.713513,0.623007,0.029995
977.000000,0.015878,0.270502,0.366063,0.977830
978.000000,0.490085,0.092782,0.896966,0.624782
979.000000,0.370669,0.955587,0.042136,0.454928
980.000000,0.329297,0.897517,0.088579,0.541046
981.000000,0.544193,0.154485,0.843994,0.550017
982.000000,0.200395,0.896834,0.071229,0.679051
983.000000,0.266011,0.868455,0.102360,0.619357
984.000000,0.064544,0.219751,0.559889,0.929792
985.000000,0.983444,0.467953,0.832597,0.028858
986.000000,0.610077,0.858338,0.173825,0.317782
987.000000,0.683395,0.111884,0.905360,0.441418
988.000000,0.618336,0.953591,0.062223,0.259441
989.000000,0.784895,0.925500,0.125919,0.161347
990.000000,0.946944,0.802014,0.427729,0.057781
991.000000,0.065777,0.307927,0.452935,0.922052
992.000000,0.709971,0.798303,0.270997,0.256651
993.000000,0.015268,0.513669,0.173127,0.973477
994.000000,0.179957,0.948184,0.034649,0.670269
995.000000,0.925154,0.709987,0.514184,0.085654
997.000000,0.092570,0.509137,0.296730,0.877871
998.000000,0.030829,0.150705,0.598973,0.966153
999.000000,0.105178,0.244467,0.574777,0.890168
1000.000000,0.319399,0.921663,0.067262,0.535483
1001.000000,0.517042,0.868340,0.144623,0.388760
1003.000000,0.633431,0.906369,0.122352,0.279317
1004.000000,0.992378,0.353797,0.912268,0.016336
1005.000000,0.814153,0.049992,0.966072,0.339092
1006.000000,0.034463,0.232916,0.482454,0.958495
1007.000000,0.143624,0.936803,0.038290,0.728407
1008.000000,0.366762,0.037236,0.948301,0.759877
1009.000000,0.536846,0.967478,0.039629,0.302463
1010.000000,0.111718,0.318440,0.493730,0.876224
1011.000000,0.892891,0.793408,0.373717,0.107159
1012.000000,0.018621,0.270525,0.379787,0.974568
1013.000000,0.468205,0.116662,0.868512,0.630098
1014.000000,0.503031,0.049574,0.944065,0.646887
1015.000000,0.678960,0.975775,0.036999,0.194595
1016.000000,0.045261,0.183762,0.578964,0.950534
1017.000000,0.036419,0.493360,0.238163,0.945156
1018.000000,0.568187,0.984688,0.020268,0.248552
1019.000000,0.596669,0.040215,0.959802,0.579784
1021.000000,0.967814,0.652725,0.652875,0.043776
1022.000000,0.337345,0.939944,0.053522,0.503014
1023.000000,0.450445,0.018957,0.975829,0.730170
1024.000000,0.389702,0.924405,0.072111,0.466793
1025.000000,0.137773,0.239190,0.608319,0.862012
1026.000000,0.345864,0.941988,0.052447,0.492882
1027.000000,0.095340,0.677875,0.178433,0.857743
1028.000000,0.550858,0.967796,0.040041,0.291788
1029.000000,0.025976,0.639670,0.134358,0.953653
1030.000000,0.937593,0.594206,0.649882,0.080916
1031.000000,0.041429,0.325043,0.391396,0.946717
1032.000000,0.276832,0.953419,0.037964,0.550675
1033.000000,0.734223,0.964119,0.058662,0.172538
1034.000000,0.888220,0.844788,0.295916,0.104215
1035.000000,0.350610,0.084231,0.886562,0.737353
1036.000000,0.281052,0.947698,0.042763,0.552458
1037.000000,0.982394,0.551513,0.779244,0.028423
1038.000000,0.059765,0.168961,0.627687,0.938347
1039.000000,0.607295,0.029775,0.970301,0.586218
1040.000000,0.495065,0.852281,0.156894,0.413781
1041.000000,0.975370,0.609944,0.712454,0.036110
1042.000000,0.763361,0.043444,0.967032,0.408259
1043.000000,0.412816,0.958793,0.041711,0.413225
1044.000000,0.251083,0.909530,0.069055,0.614600
1045.000000,0.232015,0.024983,0.955490,0.858444
1046.000000,0.029425,0.305396,0.381524,0.960982
1047.000000,0.337009,0.947495,0.047011,0.495918
1048.000000,0.258019,0.952905,0.037103,0.571781
1049.000000,0.430379,0.976251,0.025285,0.370095
1050.000000,0.935446,0.654151,0.589257,0.079292
1051.000000,0.691886,0.099195,0.916915,0.439882
1052.000000,0.017037,0.478532,0.199589,0.971681
1053.000000,0.978440,0.663827,0.675650,0.030732
1054.000000,0.614127,0.919487,0.103576,0.286804
1055.000000,0.892947,0.095818,0.948525,0.202309
1056.000000,0.482500,0.885092,0.121764,0.409751
1057.000000,0.300601,0.931779,0.057112,0.546691
1058.000000,0.702830,0.065385,0.945491,0.452141
1059.000000,0.495622,0.964964,0.040154,0.337098
1060.000000,0.443829,0.946141,0.056257,0.400845
1061.000000,0.730604,0.044211,0.964369,0.444115
1062.000000,0.164820,0.048773,0.904592,0.883617
1063.000000,0.955597,0.600326,0.673614,0.060255
1064.000000,0.200566,0.800531,0.138339,0.712932
1065.000000,0.020242,0.689976,0.102335,0.960775
1067.000000,0.089957,0.042768,0.893792,0.934353
1068.000000,0.036517,0.150805,0.613964,0.960809
1070.000000,0.025786,0.323172,0.351797,0.964583
1071.000000,0.975022,0.566145,0.745541,0.037899
1072.000000,0.050947,0.359650,0.375252,0.934458
1073.000000,0.056089,0.297756,0.449095,0.932627
1074.000000,0.979185,0.414276,0.849126,0.036675
1075.000000,0.945638,0.853386,0.343724,0.054947
1076.000000,0.581581,0.965099,0.045128,0.273309
1077.000000,0.075599,0.370496,0.400891,0.907404
1078.000000,0.016240,0.610874,0.127919,0.969700
1079.000000,0.917038,0.684430,0.532933,0.095722
1080.000000,0.130552,0.907902,0.053459,0.762701
1081.000000,0.965423,0.481553,0.782144,0.053524
1082.000000,0.922458,0.807185,0.384689,0.079691
1083.000000,0.035758,0.425356,0.287480,0.948853
1084.000000,0.276204,0.088966,0.866808,0.789312
1085.000000,0.259652,0.046436,0.924641,0.823334
1086.000000,0.047677,0.557071,0.213284,0.927552
1087.000000,0.806548,0.026501,0.981307,0.380610
1088.000000,0.684788,0.043897,0.961761,0.492374
1089.000000,0.256401,0.466867,0.435506,0.721374
1090.000000,0.483239,0.951584,0.053673,0.362875
1092.000000,0.090023,0.359769,0.428372,0.893488
1093.000000,0.115179,0.342688,0.470705,0.870393
1094.000000,0.012574,0.755783,0.065251,0.972062
1095.000000,0.009439,0.465298,0.174348,0.983135
1096.000000,0.361620,0.930455,0.063920,0.488032
1097.000000,0.931352,0.644322,0.593448,0.084257
1099.000000,0.054416,0.492035,0.267917,0.922962
1100.000000,0.948024,0.621307,0.641123,0.067740
1101.000000,0.580216,0.094443,0.906958,0.547519
1102.000000,0.466646,0.876444,0.127841,0.427353
1103.000000,0.404014,0.952359,0.047310,0.428643
1104.000000,0.368757,0.945977,0.050690,0.467370
1105.000000,0.057314,0.226048,0.539939,0.936173
1106.000000,0.050275,0.610209,0.183302,0.920972
1107.000000,0.020999,0.248822,0.416279,0.972432
1108.000000,0.417610,0.841822,0.152147,0.484970
1109.000000,0.007333,0.534006,0.128930,0.985642
1110.000000,0.023822,0.259490,0.414589,0.968916
1111.000000,0.987328,0.515433,0.820677,0.022072
1112.000000,0.070402,0.246602,0.532682,0.922108
1113.000000,0.343550,0.029926,0.956415,0.783656
1114.000000,0.043871,0.142093,0.645641,0.954699
1115.000000,0.058150,0.597367,0.199880,0.911603
1116.000000,0.055746,0.272626,0.477800,0.934572
1117.000000,0.060078,0.159046,0.644150,0.938938
1118.000000,0.975575,0.459915,0.816238,0.040501
1119.000000,0.298256,0.926907,0.060820,0.552922
1120.000000,0.792801,0.055909,0.960345,0.360181
1121.000000,0.349316,0.924136,0.068246,0.504566
1122.000000,0.958145,0.700166,0.580644,0.052520
1123.000000,0.977632,0.657112,0.678921,0.031911
1124.000000,0.369293,0.030581,0.957216,0.765857
1125.000000,0.427194,0.060820,0.924736,0.695340
1126.000000,0.980331,0.693864,0.653885,0.027617
1127.000000,0.388844,0.037675,0.949391,0.744210
1128.000000,0.958510,0.631996,0.650744,0.055386
1129.000000,0.054017,0.305692,0.436651,0.934286
1130.000000,0.898745,0.739146,0.449409,0.108022
1131.000000,0.031112,0.190850,0.533133,0.963874
1132.000000,0.062587,0.198571,0.586908,0.933313
1134.000000,0.589634,0.043419,0.956307,0.581879
1135.000000,0.291727,0.070247,0.895280,0.787187
1136.000000,0.201269,0.957838,0.029779,0.632827
1137.000000,0.498472,0.921052,0.087123,0.375894
1138.000000,0.404496,0.865698,0.127800,0.486728
1139.000000,0.948126,0.697470,0.563651,0.063289
1140.000000,0.025238,0.308577,0.364797,0.965700
1141.000000,0.504817,0.068669,0.923996,0.628785
1142.000000,0.969869,0.332002,0.872940,0.053880
1143.000000,0.008663,0.472960,0.165766,0.984237
1144.000000,0.200678,0.943055,0.039809,0.648734
1145.000000,0.968110,0.413553,0.828031,0.052762
1147.000000,0.675827,0.038709,0.965620,0.508148
1148.000000,0.064403,0.141681,0.679242,0.936845
1149.000000,0.941058,0.545294,0.696645,0.080095
1150.000000,0.987263,0.666319,0.714497,0.019495
1151.000000,0.891757,0.643463,0.550050,0.124293
1152.000000,0.411408,0.961011,0.039485,0.411534
1153.000000,0.429358,0.046475,0.941761,0.706159
1154.000000,0.684790,0.053314,0.953902,0.481732
1155.000000,0.640038,0.115678,0.895853,0.481241
1156.000000,0.542533,0.977532,0.028123,0.281967
1157.000000,0.023915,0.299453,0.369717,0.967534
1158.000000,0.976268,0.743456,0.582184,0.030886
1159.000000,0.181296,0.034527,0.933100,0.881043
1160.000000,0.039482,0.390521,0.324653,0.945903
1161.000000,0.964874,0.641739,0.655851,0.047634
1162.000000,0.624847,0.032713,0.968342,0.565548
1164.000000,0.470377,0.947663,0.056784,0.377287
1165.000000,0.146054,0.335340,0.503260,0.842170
1166.000000,0.334048,0.958129,0.037655,0.486421
1167.000000,0.595573,0.948657,0.066241,0.280105
1168.000000,0.331394,0.051097,0.926665,0.771728
1169.000000,0.046435,0.425093,0.308355,0.936105
1170.000000,0.427445,0.955299,0.046029,0.404920
1171.000000,0.052657,0.492737,0.264931,0.925035
1172.000000,0.044597,0.210179,0.538215,0.949516
1173.000000,0.047401,0.256118,0.482567,0.944019
1174.000000,0.582756,0.921986,0.096371,0.308996
1175.000000,0.279504,0.937512,0.050650,0.563807
1176.000000,0.030473,0.400289,0.295497,0.956295
1177.000000,0.194486,0.021427,0.958327,0.883873
1178.000000,0.033014,0.302742,0.394599,0.957038
1179.000000,0.945205,0.800914,0.426321,0.059493
1180.000000,0.948833,0.539881,0.712285,0.071335
1181.000000,0.410407,0.935279,0.063987,0.439622
1182.000000,0.125222,0.609623,0.243987,0.831071
1183.000000,0.959096,0.425557,0.807050,0.064525
1184.000000,0.054210,0.182304,0.597896,0.942302
1185.000000,0.413092,0.920353,0.078326,0.448761
1186.000000,0.879073,0.050303,0.971431,0.248240
1187.000000,0.267384,0.039415,0.936150,0.823503
1188.000000,0.018579,0.376891,0.277151,0.971967
1189.000000,0.516239,0.954836,0.052577,0.333442
1190.000000,0.969026,0.699932,0.608208,0.040569
1191.000000,0.706882,0.057154,0.952453,0.455361
1192.000000,0.204961,0.937471,0.044007,0.648224
1193.000000,0.759189,0.055552,0.957844,0.400068
1194.000000,0.497903,0.945123,0.061675,0.357492
1195.000000,0.450425,0.035362,0.956327,0.703084
1196.000000,0.308925,0.917156,0.069847,0.549098
1197.000000,0.331831,0.939072,0.053810,0.509184
1198.000000,0.193571,0.175624,0.723050,0.826390
1199.000000,0.304988,0.895342,0.087109,0.566318
1200.000000,0.931007,0.561893,0.669559,0.090365
1201.000000,0.074493,0.543244,0.253577,0.895618
1202.000000,0.036016,0.416084,0.295545,0.948924
1203.000000,0.292669,0.935415,0.053465,0.551826
1204.000000,0.392093,0.967435,0.032324,0.419009
1205.000000,0.016573,0.617415,0.125828,0.968996
1206.000000,0.378573,0.928373,0.067398,0.473935
1207.000000,0.972107,0.364541,0.860446,0.049058
1208.000000,0.970423,0.591264,0.713715,0.042903
1209.000000,0.603512,0.021129,0.978478,0.607179
1210.000000,0.022844,0.558839,0.169622,0.961161
1211.000000,0.016499,0.561784,0.151858,0.970519
1212.000000,0.976204,0.328971,0.883733,0.044230
1213.000000,0.034025,0.347298,0.351841,0.954089
1215.000000,0.790558,0.106725,0.924951,0.329789
1216.000000,0.979346,0.711663,0.631033,0.028310
1217.000000,0.268389,0.963219,0.029792,0.547095
1218.000000,0.601212,0.940636,0.076519,0.282468
1219.000000,0.259988,0.880631,0.092068,0.620252
1220.000000,0.915020,0.587288,0.628323,0.105737
1221.000000,0.064093,0.148193,0.667792,0.936461
1222.000000,0.971936,0.323224,0.879936,0.051136
1223.000000,0.505178,0.091962,0.899818,0.612910
1224.000000,0.042762,0.510780,0.237085,0.936276
1225.000000,0.400961,0.948088,0.051132,0.435970
1226.000000,0.723779,0.040694,0.966705,0.455969
1227.000000,0.963730,0.343865,0.858996,0.062369
1228.000000,0.919171,0.831515,0.344505,0.080043
1229.000000,0.985300,0.690024,0.681532,0.021573
1230.000000,0.217156,0.961334,0.028331,0.608789
1231.000000,0.417381,0.947581,0.052830,0.422061
1232.000000,0.602089,0.054337,0.946818,0.558839
1233.000000,0.026230,0.503224,0.210263,0.958212
1234.000000,0.039054,0.216394,0.516876,0.954641
1236.000000,0.605963,0.966593,0.044845,0.254445
1237.000000,0.277330,0.093199,0.861310,0.786715
1238.000000,0.081615,0.814531,0.091812,0.857067
1239.000000,0.984533,0.325668,0.900426,0.030736
1240.000000,0.069761,0.278936,0.491934,0.920197
1241.000000,0.953196,0.588036,0.679888,0.063654
1242.000000,0.047132,0.450465,0.288916,0.933975
1245.000000,0.186316,0.399136,0.464084,0.796412
1246.000000,0.654639,0.955616,0.062945,0.232399
1247.000000,0.460495,0.939941,0.063855,0.392642
1248.000000,0.282426,0.882596,0.094027,0.595844
1249.000000,0.023614,0.299675,0.368384,0.967880
1250.000000,0.058498,0.224440,0.544078,0.935156
1251.000000,0.069000,0.187264,0.612650,0.928462
1252.000000,0.014332,0.164333,0.504767,0.982174
1253.000000,0.077325,0.222330,0.573692,0.917716
1254.000000,0.968510,0.666001,0.641852,0.042460
1255.000000,0.629562,0.969721,0.042313,0.234525
1256.000000,0.098249,0.969692,0.016064,0.768572
1257.000000,0.566376,0.912170,0.105357,0.327450
1258.000000,0.436072,0.952269,0.049599,0.401031
1259.000000,0.545943,0.076817,0.919993,0.588712
1260.000000,0.033806,0.228307,0.486848,0.959389
1261.000000,0.083036,0.448900,0.337321,0.893421
1262.000000,0.069245,0.165503,0.646366,0.930298
1263.000000,0.920679,0.725306,0.490424,0.088743
1264.000000,0.977511,0.359642,0.872071,0.041027
1265.000000,0.394600,0.964587,0.035150,0.421198
1266.000000,0.979495,0.769275,0.562669,0.026469
1267.000000,0.948460,0.634910,0.628974,0.066498
1268.000000,0.027492,0.594789,0.159738,0.953168
1269.000000,0.723937,0.070285,0.943574,0.426104
1270.000000,0.049689,0.212707,0.544838,0.944418
1271.000000,0.469779,0.086241,0.901246,0.645020
1272.000000,0.973138,0.674498,0.647044,0.036761
1273.000000,0.351367,0.023154,0.966195,0.787873
1274.000000,0.025575,0.346663,0.328498,0.964077
1275.000000,0.184853,0.740443,0.176578,0.744312
1276.000000,0.010730,0.883033,0.027326,0.970764
1277.000000,0.320053,0.033506,0.949719,0.794901
1279.000000,0.021042,0.532461,0.179887,0.964559
1280.000000,0.339054,0.941288,0.052507,0.500105
1281.000000,0.031881,0.189011,0.538249,0.963193
1282.000000,0.714255,0.929905,0.105504,0.208530
1283.000000,0.066465,0.105247,0.747673,0.939252
1284.000000,0.913894,0.709793,0.500593,0.096607
1285.000000,0.838731,0.074111,0.953048,0.288301
1286.000000,0.048355,0.286645,0.447746,0.941297
1287.000000,0.042385,0.360991,0.357713,0.943930
1288.000000,0.420810,0.964893,0.036209,0.397975
1289.000000,0.021195,0.458087,0.226241,0.966416
1290.000000,0.378106,0.975146,0.024453,0.417364
1291.000000,0.044206,0.219130,0.524750,0.949368
1292.000000,0.968127,0.715618,0.588218,0.040953
1293.000000,0.981235,0.404162,0.858889,0.033852
1294.000000,0.430973,0.892404,0.106987,0.450136
1295.000000,0.969931,0.473693,0.795868,0.047822
1296.000000,0.579867,0.963225,0.047299,0.276782
1297.000000,0.077303,0.369822,0.403660,0.905682
1298.000000,0.560698,0.955022,0.055691,0.299675
1299.000000,0.235298,0.908600,0.067757,0.632615
1300.000000,0.961007,0.716359,0.568886,0.048661
1301.000000,0.647751,0.078771,0.928929,0.496103
1302.000000,0.038617,0.352710,0.357546,0.948590
1303.000000,0.094670,0.589243,0.237987,0.867993
1304.000000,0.814130,0.064372,0.956596,0.326709
1305.000000,0.967287,0.402770,0.832692,0.054393
1306.000000,0.040410,0.315152,0.399526,0.948308
1307.000000,0.481452,0.944966,0.060472,0.370862
1308.000000,0.780014,0.903968,0.156713,0.172857
1309.000000,0.861089,0.049250,0.970400,0.275842
1310.000000,0.621274,0.974753,0.035201,0.233040
1311.000000,0.025963,0.503633,0.209373,0.958561
1312.000000,0.012419,0.142913,0.530962,0.984775
1313.000000,0.741342,0.058419,0.954251,0.417352
1314.000000,0.051414,0.236432,0.515648,0.941204
1315.000000,0.032030,0.185106,0.544774,0.963235
1316.000000,0.015963,0.422262,0.232281,0.974430
1317.000000,0.965638,0.589303,0.703716,0.048850
1318.000000,0.943278,0.712642,0.537931,0.067362
1319.000000,0.029179,0.355254,0.331401,0.959472
1321.000000,0.865559,0.080924,0.952433,0.248119
1322.000000,0.023952,0.359949,0.311109,0.965644
1323.000000,0.843131,0.153348,0.903986,0.249276
1324.000000,0.256925,0.975294,0.019902,0.538602
1325.000000,0.548365,0.085165,0.912021,0.580970
1326.000000,0.496187,0.913995,0.094195,0.382339
1327.000000,0.452791,0.948299,0.054783,0.391174
1328.000000,0.381895,0.032324,0.955752,0.755194
1329.000000,0.571936,0.025543,0.972987,0.624348
1330.000000,0.455126,0.038099,0.953438,0.696233
1331.000000,0.047072,0.141953,0.651989,0.951860
1332.000000,0.687287,0.958856,0.061661,0.207562
1333.000000,0.048447,0.348051,0.382138,0.937834
1334.000000,0.784357,0.971360,0.052242,0.135296
1335.000000,0.943392,0.589580,0.662495,0.074750
1336.000000,0.169106,0.975042,0.016641,0.649443
1337.000000,0.056765,0.618545,0.185243,0.911898
1338.000000,0.327680,0.981757,0.016818,0.448258
1339.000000,0.122512,0.377131,0.441562,0.859661
1340.000000,0.907292,0.754600,0.438869,0.098600
1341.000000,0.313059,0.946073,0.046448,0.521059
1342.000000,0.103679,0.159708,0.690799,0.901793
1343.000000,0.978482,0.461403,0.822356,0.036304
1344.000000,0.433212,0.962570,0.039179,0.390785
1345.000000,0.045570,0.330152,0.394729,0.941923
1346.000000,0.983117,0.600077,0.747746,0.026334
1347.000000,0.028466,0.474799,0.234311,0.956195
1348.000000,0.782178,0.075926,0.945381,0.357142
1349.000000,0.937219,0.751073,0.481389,0.070752
1350.000000,0.911344,0.658500,0.554266,0.103569
1351.000000,0.388597,0.853534,0.136073,0.506392
1352.000000,0.341455,0.942076,0.052020,0.497037
1353.000000,0.673718,0.973365,0.040122,0.201112
1354.000000,0.012431,0.248739,0.370289,0.982460
1355.000000,0.477508,0.957669,0.046869,0.360700
1356.000000,0.073049,0.112865,0.740418,0.933012
1357.000000,0.043994,0.456597,0.278789,0.937432
1358.000000,0.128492,0.013483,0.967914,0.927961
1359.000000,0.355853,0.976712,0.022211,0.434283
1360.000000,0.017742,0.182000,0.494944,0.978016
1361.000000,0.989054,0.559829,0.802808,0.018764
1362.000000,0.510715,0.072786,0.920314,0.620923
1363.000000,0.749204,0.074932,0.942570,0.395277
1364.000000,0.229626,0.875286,0.091073,0.655572
1365.000000,0.014008,0.171446,0.490505,0.982339
1366.000000,0.129555,0.457166,0.371245,0.843986
1367.000000,0.936958,0.824162,0.378273,0.065180
1368.000000,0.378425,0.853157,0.134583,0.515874
1369.000000,0.037216,0.239215,0.481340,0.955346
1370.000000,0.584120,0.020202,0.978783,0.625923
1371.000000,0.351806,0.963334,0.034082,0.462194
1373.000000,0.042145,0.322226,0.395880,0.946066
1374.000000,0.976494,0.564131,0.751267,0.036038
1375.000000,0.052970,0.266632,0.480169,0.937750
1377.000000,0.222448,0.060342,0.897430,0.839981
1378.000000,0.632250,0.948053,0.070569,0.254325
1379.000000,0.937618,0.533339,0.701708,0.084814
1380.000000,0.035358,0.483354,0.243120,0.946941
1381.000000,0.383903,0.923655,0.072201,0.472630
1382.000000,0.053990,0.326482,0.414144,0.933072
1383.000000,0.582744,0.983918,0.021689,0.240919
1384.000000,0.355217,0.955682,0.041083,0.469221
1386.000000,0.039184,0.305620,0.406963,0.950098
1387.000000,0.672709,0.936405,0.090453,0.234008
1388.000000,0.299644,0.951923,0.040686,0.528426
1389.000000,0.625853,0.900583,0.128004,0.287856
1390.000000,0.291489,0.061535,0.907278,0.792261
1391.000000,0.084257,0.421094,0.363232,0.894349
1392.000000,0.258761,0.940346,0.046693,0.583662
1393.000000,0.976572,0.701899,0.630629,0.031854
1394.000000,0.363440,0.966243,0.032053,0.446873
1395.000000,0.097835,0.726150,0.149636,0.848600
1396.000000,0.754969,0.941695,0.095382,0.174184
1397.000000,0.536829,0.020634,0.976823,0.663051
1398.000000,0.012352,0.431418,0.209893,0.979331
1399.000000,0.836036,0.066611,0.957426,0.296807
1400.000000,0.607726,0.044946,0.956004,0.564051
1401.000000,0.983868,0.604383,0.747674,0.025231
1402.000000,0.954737,0.651309,0.624584,0.058687
1403.000000,0.612175,0.910483,0.114009,0.293248
1404.000000,0.593188,0.065458,0.935642,0.556572
1405.000000,0.680892,0.025862,0.976836,0.524812
1406.000000,0.553666,0.104989,0.893356,0.564627
1407.000000,0.627120,0.931812,0.090334,0.269678
1408.000000,0.032316,0.530391,0.205979,0.948987
1409.000000,0.054674,0.408158,0.336519,0.927560
1410.000000,0.635812,0.030174,0.971177,0.559784
1411.000000,0.028712,0.457741,0.246862,0.956471
1412.000000,0.936396,0.815970,0.390010,0.066396
1413.000000,0.514006,0.932153,0.077063,0.355483
1415.000000,0.037508,0.173877,0.577316,0.958504
1416.000000,0.922401,0.853728,0.312713,0.074802
1417.000000,0.719177,0.089731,0.927883,0.417619
1418.000000,0.394268,0.951780,0.047193,0.437950
1420.000000,0.142384,0.471478,0.367670,0.829404
1421.000000,0.343958,0.970033,0.027754,0.458838
1422.000000,0.056600,0.575949,0.211978,0.915030
1423.000000,0.760589,0.037161,0.971491,0.419708
1424.000000,0.968779,0.591315,0.709522,0.044932
1425.000000,0.066758,0.321808,0.439166,0.920077
1426.000000,0.022547,0.336686,0.327515,0.968049
1427.000000,0.013920,0.274673,0.350303,0.980123
1428.000000,0.495589,0.973446,0.030851,0.323930
1429.000000,0.355837,0.976816,0.022115,0.434062
1430.000000,0.947356,0.555671,0.697352,0.072183
1431.000000,0.670009,0.902560,0.133573,0.253783
1432.000000,0.074909,0.205048,0.594541,0.921505
1434.000000,0.503609,0.044227,0.949848,0.652115
1435.000000,0.052658,0.214572,0.547708,0.941439
1436.000000,0.975652,0.553427,0.756536,0.037466
1437.000000,0.367010,0.053554,0.927311,0.744926
1438.000000,0.033286,0.332225,0.364708,0.955543
1439.000000,0.069501,0.518388,0.266712,0.903358
1440.000000,0.384743,0.060596,0.920442,0.726876
1441.000000,0.954378,0.788158,0.462011,0.051585
1442.000000,0.098039,0.512811,0.298605,0.871504
1443.000000,0.735487,0.038567,0.969034,0.446106
1444.000000,0.481270,0.919357,0.086891,0.391149
1445.000000,0.828581,0.132857,0.914018,0.273779
1446.000000,0.117729,0.507385,0.318904,0.850808
1448.000000,0.368635,0.852625,0.133292,0.525152
1449.000000,0.984339,0.163432,0.955298,0.037279
1450.000000,0.478357,0.982636,0.020093,0.317243
1451.000000,0.780102,0.021487,0.983817,0.425049
1452.000000,0.953570,0.835354,0.388107,0.049252
1453.000000,0.107275,0.269491,0.545895,0.885537
1454.000000,0.209473,0.942525,0.040930,0.638469
1455.000000,0.068153,0.459112,0.311718,0.909116
1456.000000,0.134945,0.243156,0.601287,0.863941
1457.000000,0.638524,0.030887,0.970648,0.556035
1458.000000,0.634937,0.052122,0.951289,0.531160
1459.000000,0.025246,0.388975,0.290328,0.963150
1460.000000,0.201163,0.975054,0.017944,0.606298
1461.000000,0.933742,0.809662,0.395676,0.069342
1462.000000,0.376782,0.047374,0.936113,0.743142
1463.000000,0.102011,0.298339,0.507016,0.887463
1464.000000,0.023083,0.494013,0.208224,0.962809
1465.000000,0.627422,0.978328,0.030747,0.223294
1466.000000,0.023488,0.288446,0.380020,0.968375
1468.000000,0.037829,0.255476,0.462078,0.953918
1469.000000,0.301430,0.962668,0.031995,0.512839
1470.000000,0.964572,0.419998,0.818603,0.057386
1471.000000,0.068198,0.287736,0.479386,0.921080
1472.000000,0.962183,0.667207,0.624677,0.049620
1473.000000,0.012135,0.470899,0.184749,0.978970
1474.000000,0.518499,0.070332,0.923665,0.616364
1475.000000,0.053390,0.435533,0.311049,0.927451
1476.000000,0.929327,0.542712,0.683722,0.093590
1477.000000,0.170010,0.908247,0.059233,0.710398
1478.000000,0.418072,0.951780,0.048829,0.416996
1479.000000,0.972032,0.628539,0.686675,0.039635
1480.000000,0.969164,0.556216,0.737861,0.045747
1481.000000,0.440904,0.952941,0.049265,0.396206
1482.000000,0.049006,0.239709,0.506759,0.943382
1483.000000,0.024114,0.470342,0.226384,0.962121
1484.000000,0.677302,0.901320,0.136544,0.248918
1485.000000,0.015222,0.414357,0.234700,0.975615
1486.000000,0.062514,0.615139,0.193060,0.904742
1487.000000,0.976052,0.654970,0.675364,0.033902
1488.000000,0.022699,0.093502,0.691135,0.976738
1489.000000,0.393148,0.962217,0.037316,0.425911
1490.000000,0.306255,0.966157,0.029353,0.502590
1491.000000,0.053327,0.265388,0.482330,0.937468
1492.000000,0.527447,0.043284,0.952457,0.634192
1493.000000,0.062895,0.112398,0.729949,0.941263
1494.000000,0.342208,0.988958,0.010652,0.408416
1495.000000,0.228598,0.058577,0.901314,0.836734
1496.000000,0.034168,0.334302,0.364911,0.954451
1497.000000,0.963191,0.542232,0.735435,0.053807
1498.000000,0.019305,0.405735,0.257272,0.970309
1499.000000,0.593987,0.960887,0.051151,0.269406
1500.000000,0.284520,0.946176,0.044225,0.550351
1501.000000,0.062192,0.319182,0.435241,0.924951
1502.000000,0.366358,0.948457,0.048285,0.467023
1503.000000,0.208081,0.056969,0.899935,0.851274
1504.000000,0.028794,0.530103,0.199182,0.953772
1505.000000,0.190944,0.973454,0.018616,0.622773
1506.000000,0.048994,0.370398,0.361473,0.936033
1507.000000,0.957393,0.595418,0.681298,0.058403
1508.000000,0.974330,0.359511,0.866546,0.045917
1509.000000,0.131219,0.253572,0.585600,0.865854
1510.000000,0.058234,0.336764,0.410451,0.927952
1511.000000,0.848125,0.152618,0.905645,0.243334
1512.000000,0.506406,0.857600,0.153677,0.402117
1513.000000,0.365372,0.941967,0.054023,0.474460
1514.000000,0.705084,0.968192,0.049876,0.187190
1515.000000,0.551043,0.963746,0.044808,0.296967
1516.000000,0.638624,0.981162,0.027388,0.211113
1517.000000,0.028169,0.435363,0.261915,0.957944
1518.000000,0.395776,0.963208,0.036519,0.422172
1519.000000,0.678486,0.036629,0.967533,0.508501
1520.000000,0.408871,0.111331,0.864217,0.679819
1521.000000,0.538777,0.974645,0.031376,0.289917
1522.000000,0.356563,0.923903,0.069186,0.497857
1523.000000,0.516669,0.955979,0.051345,0.331868
1524.000000,0.033254,0.122826,0.658328,0.965544
1525.000000,0.041835,0.339030,0.378010,0.945597
1526.000000,0.048059,0.401095,0.331781,0.935464
1527.000000,0.059229,0.455137,0.303399,0.919549
1528.000000,0.046994,0.573856,0.201651,0.927478
1529.000000,0.694355,0.069882,0.941066,0.457109
1530.000000,0.014770,0.254110,0.378755,0.979528
1531.000000,0.350673,0.954921,0.041472,0.474449
1532.000000,0.971358,0.552714,0.745739,0.043074
1533.000000,0.523691,0.949489,0.059057,0.333132
1534.000000,0.674847,0.970156,0.044736,0.204336
1535.000000,0.424591,0.019087,0.974751,0.747474
1536.000000,0.016553,0.429095,0.229915,0.973470
1537.000000,0.012187,0.473774,0.183331,0.978842
1538.000000,0.649659,0.959080,0.057892,0.232638
1539.000000,0.980196,0.507084,0.800315,0.032594
1540.000000,0.055326,0.425471,0.322491,0.925812
1541.000000,0.074231,0.300200,0.473332,0.914151
1542.000000,0.764271,0.955784,0.075190,0.159596
1543.000000,0.048108,0.456525,0.285731,0.932494
1544.000000,0.039378,0.270205,0.447821,0.951575
1545.000000,0.985299,0.673577,0.697039,0.021910
1546.000000,0.040336,0.401434,0.316919,0.944407
1547.000000,0.761367,0.075480,0.943449,0.381326
1548.000000,0.941916,0.814549,0.400546,0.061497
1549.000000,0.616059,0.044302,0.957132,0.557330
1550.000000,0.946550,0.723395,0.530980,0.063355
1551.000000,0.540673,0.946142,0.064227,0.323199
1552.000000,0.447297,0.929418,0.073138,0.412410
1553.000000,0.045740,0.656557,0.151737,0.924150
1554.000000,0.448813,0.067265,0.919647,0.674052
1555.000000,0.797960,0.972538,0.051679,0.126157
1556.000000,0.474581,0.974804,0.028490,0.337592
1557.000000,0.087254,0.131440,0.721603,0.919101
1558.000000,0.279450,0.955862,0.036208,0.544958
1559.000000,0.330462,0.954335,0.040695,0.494653
1560.000000,0.430765,0.939569,0.061657,0.418137
1561.000000,0.566130,0.901251,0.117535,0.333606
1562.000000,0.436919,0.868474,0.130642,0.456715
1563.000000,0.024816,0.517712,0.197916,0.959678
1564.000000,0.479995,0.871087,0.135363,0.418488
1565.000000,0.421524,0.040539,0.948243,0.717965
1566.000000,0.493214,0.018838,0.977392,0.700120
1567.000000,0.447291,0.969453,0.032930,0.368783
1568.000000,0.419808,0.976216,0.024936,0.378959
1569.000000,0.278368,0.937359,0.050671,0.565144
1570.000000,0.063909,0.181048,0.614961,0.933587
1571.000000,0.964008,0.712711,0.580439,0.045589
1572.000000,0.115414,0.262940,0.561189,0.878848
1573.000000,0.900396,0.037046,0.980373,0.226113
1574.000000,0.482899,0.983059,0.019754,0.312708
1575.000000,0.281065,0.932571,0.054667,0.566328
1576.000000,0.581310,0.868655,0.156335,0.336573
1577.000000,0.677528,0.949811,0.073109,0.221455
1578.000000,0.717388,0.050941,0.958199,0.450631
1579.000000,0.860038,0.529482,0.633158,0.168046
1580.000000,0.050252,0.361486,0.372243,0.935121
1581.000000,0.974074,0.763822,0.548351,0.032600
1582.000000,0.511288,0.984602,0.018780,0.287763
1583.000000,0.908851,0.834563,0.329179,0.088483
1584.000000,0.927662,0.549816,0.675781,0.094937
1585.000000,0.024089,0.472129,0.225117,0.962101
1586.000000,0.986460,0.447501,0.852827,0.024698
1587.000000,0.040073,0.336304,0.376921,0.947691
1588.000000,0.898875,0.775286,0.403567,0.104013
1589.000000,0.023723,0.198601,0.496098,0.971124
1590.000000,0.325570,0.973723,0.023768,0.469643
1591.000000,0.960357,0.657044,0.630659,0.052133
1592.000000,0.480687,0.117521,0.869675,0.619512
1593.000000,0.327614,0.943737,0.049513,0.508912
1594.000000,0.026088,0.296049,0.380947,0.965129
1595.000000,0.630773,0.090920,0.916363,0.503901
1596.000000,0.041205,0.522975,0.226282,0.937657
1597.000000,0.383724,0.064933,0.915005,0.724558
1598.000000,0.076099,0.306513,0.468649,0.911805
1599.000000,0.020685,0.232301,0.436048,0.973282
